id	Site	Stage	Index	NonIndex	NonCancer	IndexPercent	NonIndexPercent	NonCancerPercent
Overall	All Types	I	69193.73861547284	31487.762176593966	168246.4992079332	25.729466108204743	11.708621704171364	62.5619121876239
Overall	All Types	II	89015.32453386698	38461.18832029284	198547.4871458402	27.303304214986312	11.797042033805129	60.89965375120856
Overall	All Types	III	94434.89464305864	9318.533637283057	48472.57171965831	62.035982449160215	6.121512512503157	31.842505038336625
Overall	All Types	IV	171567.5423545655	4315.049575877331	26601.408069557165	84.73140710108726	2.131057059262624	13.13753583965013
Overall	All Types	Unknown/missing	118970.97463129199	11252.100595810422	74309.92477289759	58.167129329395244	5.501361929767041	36.331508740837705
