id	Site	Stage	Index	NonIndex	NonCancer	IndexPercent	NonIndexPercent	NonCancerPercent
50-54	All Types	I-II	29115.75086808217	11316.87110626149	34891.37802565634	38.65401580914738	15.024256686131233	46.321727504721395
55-59	All Types	I-II	31565.628289617147	14887.20532391858	48952.166386464276	33.08592661770049	15.604219195973567	51.30985418632595
60-64	All Types	I-II	33254.64521956986	16562.308747047653	59360.046033382496	30.459387251499727	15.170144579030065	54.370468169470215
65-69	All Types	I-II	28780.864379261548	14920.873065303243	63455.26255543521	26.858594752803405	13.924310185338562	59.21709506185804
70-74	All Types	I-II	22843.106098245837	10932.682261728787	54776.21164002537	25.796262194242747	12.34605910846597	61.857678697291284
70-84	All Types	I-II	55648.24159047232	19522.701579400753	133616.05683012697	26.6531161377252	9.350535033024446	63.99634882925036
75-79	All Types	I-II	19321.07620966619	6325.360161339444	45873.563628994365	27.0149275862223	8.844183670776628	64.14088874300107
80-84	All Types	I-II	14277.120972333283	3083.5063137952047	31197.37271387151	29.402201434023812	6.350150981908655	64.24764758406752
