id	Site	Stage	Index	NonIndex	NonCancer	IndexPercent	NonIndexPercent	NonCancerPercent
Men	All Types	I-II	51343.162400092086	13459.109921342319	72646.7276785656	37.354336808628716	9.792075548998042	52.85358764237324
Women	All Types	I-II	36217.11574921256	9210.373716916305	58138.51053387113	34.970082603569274	8.893240751710314	56.1366766447204
